site_id,site_name,country,city,pi_name,status,site_type
SP-001,Massachusetts General Hospital,US,Boston,Dr. Sarah Chen,Active,Academic
SP-002,Mayo Clinic Rochester,US,Rochester,Dr. James Miller,Active,Academic
SP-003,Cleveland Clinic,US,Cleveland,Dr. Emily Rodriguez,Active,Academic
SP-004,Johns Hopkins Hospital,US,Baltimore,Dr. David Kim,Active,Academic
SP-005,Stanford Medical Center,US,Palo Alto,Dr. Lisa Thompson,Active,Academic
SP-006,UCLA Medical Center,US,Los Angeles,Dr. Robert Patel,Pending,Academic
SP-007,University of Chicago Medicine,US,Chicago,Dr. Karen White,Active,Academic
SP-008,NYU Langone Health,US,New York,Dr. Michael Brown,Active,Academic
SP-009,Charité – Universitätsmedizin Berlin,DE,Berlin,Dr. Hans Müller,Active,Academic
SP-010,LMU Klinikum München,DE,Munich,Dr. Anna Schmidt,Active,Academic
SP-011,Universitätsklinikum Hamburg-Eppendorf,DE,Hamburg,Dr. Klaus Fischer,Pending,Academic
SP-012,Hôpital Pitié-Salpêtrière,FR,Paris,Dr. Marie Dupont,Active,Academic
SP-013,CHU de Bordeaux,FR,Bordeaux,Dr. Pierre Martin,Active,Community
SP-014,Hôpitaux Universitaires de Genève,CH,Geneva,Dr. Jean-Luc Bernard,Active,Academic
SP-015,Oxford University Hospitals NHS Trust,GB,Oxford,Dr. Helen Clarke,Active,Academic
SP-016,University College London Hospitals,GB,London,Dr. Andrew Taylor,Active,Academic
SP-017,Edinburgh Royal Infirmary,GB,Edinburgh,Dr. Fiona MacLeod,Pending,Academic
SP-018,Karolinska University Hospital,SE,Stockholm,Dr. Erik Lindqvist,Active,Academic
SP-019,Rigshospitalet,DK,Copenhagen,Dr. Mette Hansen,Active,Academic
SP-020,Amsterdam UMC,NL,Amsterdam,Dr. Jan de Vries,Active,Academic
SP-021,Radboud University Medical Center,NL,Nijmegen,Dr. Sophie Bakker,Active,Community
SP-022,Universitair Ziekenhuis Leuven,BE,Leuven,Dr. Marc Janssen,Active,Academic
SP-023,Hospital Clinic de Barcelona,ES,Barcelona,Dr. Carlos García,Active,Academic
SP-024,Hospital La Paz Madrid,ES,Madrid,Dr. Isabel López,Active,Academic
SP-025,Azienda Ospedaliero-Universitaria di Bologna,IT,Bologna,Dr. Marco Rossi,Active,Academic
SP-026,Policlinico Gemelli Roma,IT,Rome,Dr. Lucia Ferretti,Pending,Academic
SP-027,Toronto General Hospital,CA,Toronto,Dr. Jennifer Wong,Active,Academic
SP-028,Vancouver General Hospital,CA,Vancouver,Dr. Brian Nguyen,Active,Academic
SP-029,McGill University Health Centre,CA,Montreal,Dr. Sophie Tremblay,Active,Academic
SP-030,Princess Margaret Cancer Centre,CA,Toronto,Dr. Andrew Lee,Active,Academic
SP-031,Duke University Medical Center,US,Durham,Dr. Patricia Evans,Active,Academic
SP-032,University of Michigan Health System,US,Ann Arbor,Dr. Steven Park,Active,Academic
SP-033,University of Washington Medical Center,US,Seattle,Dr. Rachel Green,Active,Academic
SP-034,Vanderbilt University Medical Center,US,Nashville,Dr. Thomas Hill,Active,Academic
SP-035,Emory University Hospital,US,Atlanta,Dr. Angela Davis,Active,Academic
SP-036,University of Pittsburgh Medical Center,US,Pittsburgh,Dr. Frank Wilson,Active,Academic
SP-037,Yale New Haven Hospital,US,New Haven,Dr. Olivia Johnson,Active,Academic
SP-038,UCSF Medical Center,US,San Francisco,Dr. Kevin Martinez,Active,Academic
SP-039,University of Colorado Hospital,US,Aurora,Dr. Stephanie Adams,Active,Academic
SP-040,Brigham and Women's Hospital,US,Boston,Dr. Daniel Clark,Active,Academic
SP-041,Memorial Sloan Kettering Cancer Center,US,New York,Dr. Nancy Lewis,Active,Academic
SP-042,MD Anderson Cancer Center,US,Houston,Dr. Charles Robinson,Active,Academic
SP-043,Mayo Clinic Arizona,US,Scottsdale,Dr. Sandra Walker,Active,Academic
SP-044,Mayo Clinic Florida,US,Jacksonville,Dr. Gary Hall,Active,Academic
SP-045,Northwestern Memorial Hospital,US,Chicago,Dr. Laura Allen,Active,Academic
SP-046,University of Minnesota Medical Center,US,Minneapolis,Dr. Jason Young,Active,Academic
SP-047,Ohio State Wexner Medical Center,US,Columbus,Dr. Amy Hernandez,Active,Academic
SP-048,Indiana University Health,US,Indianapolis,Dr. Matthew King,Active,Academic
SP-049,University of Iowa Hospitals,US,Iowa City,Dr. Christine Wright,Active,Community
SP-050,University of Texas Southwestern,US,Dallas,Dr. Eric Scott,Active,Academic
SP-051,University of North Carolina Health,US,Chapel Hill,Dr. Melissa Torres,Active,Academic
SP-052,Wake Forest Baptist Medical Center,US,Winston-Salem,Dr. Roger Nguyen,Active,Academic
SP-053,University of Virginia Health System,US,Charlottesville,Dr. Heather Campbell,Pending,Academic
SP-054,Georgetown University Hospital,US,Washington DC,Dr. Bruce Morris,Active,Academic
SP-055,University of Maryland Medical Center,US,Baltimore,Dr. Donna Rogers,Active,Academic
SP-056,Penn Medicine,US,Philadelphia,Dr. Scott Reed,Active,Academic
SP-057,Thomas Jefferson University Hospital,US,Philadelphia,Dr. Pamela Cook,Active,Community
SP-058,Rush University Medical Center,US,Chicago,Dr. Timothy Bailey,Active,Academic
SP-059,Henry Ford Health System,US,Detroit,Dr. Dorothy Bell,Active,Community
SP-060,Cedars-Sinai Medical Center,US,Los Angeles,Dr. Joseph Murphy,Active,Academic
SP-061,University of California San Diego,US,San Diego,Dr. Sharon Howard,Active,Academic
SP-062,University of Alabama Birmingham,US,Birmingham,Dr. Carl Ward,Active,Academic
SP-063,University of Miami Health System,US,Miami,Dr. Judith Cox,Active,Academic
SP-064,Ochsner Health System,US,New Orleans,Dr. Harold Richardson,Active,Community
SP-065,University of Kentucky HealthCare,US,Lexington,Dr. Joan Watson,Active,Academic
SP-066,St. Jude Children's Research Hospital,US,Memphis,Dr. Peter Brooks,Active,Academic
SP-067,Children's Hospital of Philadelphia,US,Philadelphia,Dr. Barbara Sanders,Active,Academic
SP-068,Boston Children's Hospital,US,Boston,Dr. Richard Price,Active,Academic
SP-069,Houston Methodist Hospital,US,Houston,Dr. Mary Bennett,Active,Community
SP-070,Scripps Clinic,US,La Jolla,Dr. George Wood,Active,Community
SP-071,Intermountain Medical Center,US,Murray,Dr. Ruth James,Active,Community
SP-072,Oregon Health & Science University,US,Portland,Dr. Harry Hughes,Active,Academic
SP-073,University of New Mexico Hospital,US,Albuquerque,Dr. Jean Long,Active,Academic
SP-074,University of Kansas Medical Center,US,Kansas City,Dr. Albert Patterson,Active,Academic
SP-075,LSU Health Shreveport,US,Shreveport,Dr. Gloria Russell,Active,Academic
SP-076,Medical College of Wisconsin,US,Milwaukee,Dr. Philip Jenkins,Active,Academic
SP-077,Penn State Health Milton S. Hershey,US,Hershey,Dr. Shirley Perry,Active,Academic
SP-078,Montefiore Medical Center,US,New York,Dr. Arthur Butler,Active,Academic
SP-079,Stony Brook University Hospital,US,Stony Brook,Dr. Beverly Simmons,Active,Academic
SP-080,University of Rochester Medical Center,US,Rochester,Dr. Vincent Foster,Active,Academic
SP-081,Universitätsklinikum Frankfurt,DE,Frankfurt,Dr. Petra Bauer,Active,Academic
SP-082,Universitätsklinikum Freiburg,DE,Freiburg,Dr. Wolfgang Braun,Active,Academic
SP-083,Medizinische Hochschule Hannover,DE,Hannover,Dr. Ingrid Koch,Active,Academic
SP-084,Universitätsklinikum Düsseldorf,DE,Düsseldorf,Dr. Gerhard Wolf,Active,Academic
SP-085,Universitätsklinikum Köln,DE,Cologne,Dr. Helga Richter,Active,Academic
SP-086,Universitätsklinikum Bonn,DE,Bonn,Dr. Stefan Klein,Pending,Academic
SP-087,Universitätsklinikum Leipzig,DE,Leipzig,Dr. Monika Schulz,Active,Academic
SP-088,Universitätsklinikum Dresden,DE,Dresden,Dr. Jürgen Zimmermann,Active,Academic
SP-089,Universitätsklinikum Münster,DE,Münster,Dr. Sabine Hoffmann,Active,Academic
SP-090,Universitätsklinikum Erlangen,DE,Erlangen,Dr. Rainer Weiss,Active,Academic
SP-091,Universitätsklinikum Heidelberg,DE,Heidelberg,Dr. Christine Schwarz,Active,Academic
SP-092,Universitätsklinikum Tübingen,DE,Tübingen,Dr. Dieter Lange,Active,Academic
SP-093,Universitätsklinikum Mainz,DE,Mainz,Dr. Ursula Krause,Active,Academic
SP-094,Klinikum Rechts der Isar München,DE,Munich,Dr. Fritz Becker,Active,Community
SP-095,Städtisches Klinikum München,DE,Munich,Dr. Renate Schubert,Active,Community
SP-096,CHU de Lyon,FR,Lyon,Dr. François Moreau,Active,Academic
SP-097,CHU de Marseille,FR,Marseille,Dr. Claire Lefevre,Active,Academic
SP-098,CHU de Toulouse,FR,Toulouse,Dr. Alain Girard,Active,Academic
SP-099,CHU de Lille,FR,Lille,Dr. Nathalie Petit,Active,Academic
SP-100,CHU de Nantes,FR,Nantes,Dr. Laurent Simon,Active,Academic
SP-101,CHU de Montpellier,FR,Montpellier,Dr. Isabelle Roux,Active,Academic
SP-102,CHU de Strasbourg,FR,Strasbourg,Dr. Philippe Michel,Pending,Academic
SP-103,CHU de Rennes,FR,Rennes,Dr. Anne Blanc,Active,Academic
SP-104,Institut Gustave Roussy,FR,Villejuif,Dr. Bernard Fontaine,Active,Academic
SP-105,Centre Léon Bérard,FR,Lyon,Dr. Sylvie Garnier,Active,Academic
SP-106,Manchester University NHS Foundation Trust,GB,Manchester,Dr. John Davies,Active,Academic
SP-107,Leeds Teaching Hospitals NHS Trust,GB,Leeds,Dr. Susan Evans,Active,Academic
SP-108,King's College Hospital NHS Foundation Trust,GB,London,Dr. Peter Harris,Active,Academic
SP-109,Imperial College Healthcare NHS Trust,GB,London,Dr. Catherine Williams,Active,Academic
SP-110,Barts Health NHS Trust,GB,London,Dr. Simon Jones,Active,Community
SP-111,Birmingham University Hospitals NHS Trust,GB,Birmingham,Dr. Jane Smith,Active,Academic
SP-112,Bristol University Hospitals NHS Trust,GB,Bristol,Dr. David Brown,Active,Academic
SP-113,Cambridge University Hospitals NHS Trust,GB,Cambridge,Dr. Emma Wilson,Active,Academic
SP-114,Newcastle Upon Tyne Hospitals NHS Trust,GB,Newcastle,Dr. Michael Taylor,Active,Academic
SP-115,Sheffield Teaching Hospitals NHS Trust,GB,Sheffield,Dr. Sarah Anderson,Active,Academic
SP-116,Nottingham University Hospitals NHS Trust,GB,Nottingham,Dr. Robert Thomas,Active,Community
SP-117,Cardiff and Vale University Health Board,GB,Cardiff,Dr. Helen Roberts,Active,Academic
SP-118,Belfast Health and Social Care Trust,GB,Belfast,Dr. James Jackson,Pending,Academic
SP-119,Hospital Universitario Valle Hebron,ES,Barcelona,Dr. Juan Fernández,Active,Academic
SP-120,Hospital Universitario 12 de Octubre,ES,Madrid,Dr. Ana Martínez,Active,Academic
SP-121,Hospital General Universitario Gregorio Marañón,ES,Madrid,Dr. Pedro Sánchez,Active,Academic
SP-122,Hospital Universitario Virgen del Rocío,ES,Seville,Dr. Carmen González,Active,Academic
SP-123,Hospital Universitario Central de Asturias,ES,Oviedo,Dr. Luis Rodríguez,Active,Academic
SP-124,Hospital Universitario de Salamanca,ES,Salamanca,Dr. Elena Díaz,Pending,Academic
SP-125,Complejo Hospitalario Universitario de Santiago,ES,Santiago de Compostela,Dr. Miguel Álvarez,Active,Academic
SP-126,Istituto Nazionale Tumori Milano,IT,Milan,Dr. Giuseppe Bianchi,Active,Academic
SP-127,Ospedale San Raffaele,IT,Milan,Dr. Francesca Marino,Active,Academic
SP-128,Azienda Ospedaliero-Universitaria Pisana,IT,Pisa,Dr. Antonio Greco,Active,Academic
SP-129,Policlinico Umberto I Roma,IT,Rome,Dr. Valentina De Luca,Active,Academic
SP-130,Istituto Europeo di Oncologia,IT,Milan,Dr. Roberto Esposito,Active,Academic
SP-131,AOU Federico II Napoli,IT,Naples,Dr. Carmela Russo,Pending,Academic
SP-132,Azienda Ospedaliero-Universitaria di Padova,IT,Padua,Dr. Leonardo Ferrari,Active,Academic
SP-133,AOU Careggi Firenze,IT,Florence,Dr. Silvia Ricci,Active,Academic
SP-134,Erasmus MC,NL,Rotterdam,Dr. Pieter van den Berg,Active,Academic
SP-135,Leiden University Medical Center,NL,Leiden,Dr. Annelies Smit,Active,Academic
SP-136,UMC Utrecht,NL,Utrecht,Dr. Kees Visser,Active,Academic
SP-137,Maastricht UMC+,NL,Maastricht,Dr. Lotte Mulder,Active,Academic
SP-138,Universitair Medisch Centrum Groningen,NL,Groningen,Dr. Bart Dijkstra,Active,Academic
SP-139,Inselspital Bern,CH,Bern,Dr. Ursula Meier,Active,Academic
SP-140,Universitätsspital Basel,CH,Basel,Dr. Thomas Keller,Active,Academic
SP-141,Universitätsspital Zürich,CH,Zurich,Dr. Claudia Müller,Active,Academic
SP-142,Centre Hospitalier Universitaire Vaudois,CH,Lausanne,Dr. Patrick Favre,Active,Academic
SP-143,Istituto Oncologico della Svizzera Italiana,CH,Bellinzona,Dr. Luca Romano,Pending,Academic
SP-144,Sahlgrenska University Hospital,SE,Gothenburg,Dr. Lars Johansson,Active,Academic
SP-145,Skåne University Hospital,SE,Malmö,Dr. Karin Nilsson,Active,Academic
SP-146,Akademiska sjukhuset,SE,Uppsala,Dr. Mikael Pettersson,Active,Academic
SP-147,Oslo University Hospital,NO,Oslo,Dr. Ane Larsen,Active,Academic
SP-148,Haukeland University Hospital,NO,Bergen,Dr. Tor Andersen,Active,Academic
SP-149,Helsinki University Hospital,FI,Helsinki,Dr. Aino Mäkinen,Active,Academic
SP-150,Tampere University Hospital,FI,Tampere,Dr. Pekka Virtanen,Active,Academic
SP-151,Aarhus University Hospital,DK,Aarhus,Dr. Lars Christensen,Active,Academic
SP-152,Odense University Hospital,DK,Odense,Dr. Hanne Nielsen,Active,Academic
SP-153,Landspitali University Hospital,IS,Reykjavik,Dr. Sigrid Björnsson,Pending,Academic
SP-154,Medizinische Universität Wien,AT,Vienna,Dr. Karl Gruber,Active,Academic
SP-155,Medizinische Universität Graz,AT,Graz,Dr. Elisabeth Huber,Active,Academic
SP-156,Medizinische Universität Innsbruck,AT,Innsbruck,Dr. Markus Steiner,Active,Academic
SP-157,Samodzielny Publiczny Szpital Kliniczny Warszawa,PL,Warsaw,Dr. Marek Kowalski,Active,Academic
SP-158,Szpital Uniwersytecki w Krakowie,PL,Krakow,Dr. Anna Nowak,Active,Academic
SP-159,Gdański Uniwersytet Medyczny,PL,Gdansk,Dr. Tomasz Wiśniewski,Active,Academic
SP-160,Szpital Kliniczny UM w Poznaniu,PL,Poznan,Dr. Katarzyna Woźniak,Pending,Academic
SP-161,Centrum Onkologii Warszawa,PL,Warsaw,Dr. Piotr Zając,Active,Academic
SP-162,Śląski Uniwersytet Medyczny Katowice,PL,Katowice,Dr. Monika Krawczyk,Active,Community
SP-163,University of Tokyo Hospital,JP,Tokyo,Dr. Hiroshi Tanaka,Active,Academic
SP-164,Osaka University Hospital,JP,Osaka,Dr. Yoko Yamamoto,Active,Academic
SP-165,Kyoto University Hospital,JP,Kyoto,Dr. Kenji Watanabe,Active,Academic
SP-166,Nagoya University Hospital,JP,Nagoya,Dr. Michiko Ito,Active,Academic
SP-167,Tohoku University Hospital,JP,Sendai,Dr. Takashi Sato,Active,Academic
SP-168,National Cancer Center Hospital,JP,Tokyo,Dr. Akiko Suzuki,Active,Academic
SP-169,Kyushu University Hospital,JP,Fukuoka,Dr. Masaki Kobayashi,Active,Academic
SP-170,Hokkaido University Hospital,JP,Sapporo,Dr. Naomi Kato,Active,Academic
SP-171,Keio University Hospital,JP,Tokyo,Dr. Ryoji Hayashi,Active,Academic
SP-172,National Hospital Organization Tokyo Medical Center,JP,Tokyo,Dr. Sachiko Ikeda,Pending,Community
SP-173,Juntendo University Hospital,JP,Tokyo,Dr. Fumio Yamada,Active,Academic
SP-174,Showa University Hospital,JP,Tokyo,Dr. Haruko Nakamura,Active,Community
SP-175,Kobe University Hospital,JP,Kobe,Dr. Kazuya Hashimoto,Active,Academic
SP-176,Seoul National University Hospital,KR,Seoul,Dr. Ji-Young Park,Active,Academic
SP-177,Yonsei Severance Hospital,KR,Seoul,Dr. Min-Su Kim,Active,Academic
SP-178,Samsung Medical Center,KR,Seoul,Dr. Hyun-Jin Lee,Active,Academic
SP-179,Asan Medical Center,KR,Seoul,Dr. So-Young Choi,Active,Academic
SP-180,Kyungpook National University Hospital,KR,Daegu,Dr. Jae-Won Jung,Active,Academic
SP-181,Pusan National University Hospital,KR,Busan,Dr. Eun-Ji Han,Pending,Academic
SP-182,Chonnam National University Hwasun Hospital,KR,Hwasun,Dr. Young-Sik Kwon,Active,Academic
SP-183,National Cancer Center Korea,KR,Goyang,Dr. Hyeon-Ji Shin,Active,Academic
SP-184,Royal Melbourne Hospital,AU,Melbourne,Dr. Claire Thompson,Active,Academic
SP-185,Peter MacCallum Cancer Centre,AU,Melbourne,Dr. Andrew Hamilton,Active,Academic
SP-186,Royal Prince Alfred Hospital,AU,Sydney,Dr. Catherine Morrison,Active,Academic
SP-187,Prince of Wales Hospital,AU,Sydney,Dr. John Crawford,Active,Academic
SP-188,Princess Alexandra Hospital,AU,Brisbane,Dr. Susan Fletcher,Active,Academic
SP-189,Sir Charles Gairdner Hospital,AU,Perth,Dr. David Mackay,Active,Academic
SP-190,Royal Adelaide Hospital,AU,Adelaide,Dr. Karen Lawrence,Active,Academic
SP-191,The Alfred Hospital,AU,Melbourne,Dr. Stephen Grant,Active,Community
SP-192,Austin Health,AU,Heidelberg,Dr. Helen Chambers,Pending,Academic
SP-193,Sheba Medical Center,IL,Ramat Gan,Dr. Yael Cohen,Active,Academic
SP-194,Hadassah Medical Center,IL,Jerusalem,Dr. Daniel Levy,Active,Academic
SP-195,Rambam Health Care Campus,IL,Haifa,Dr. Miriam Goldberg,Active,Academic
SP-196,Tel Aviv Sourasky Medical Center,IL,Tel Aviv,Dr. Avi Shapiro,Active,Academic
SP-197,Rabin Medical Center,IL,Petah Tikva,Dr. Nurit Katz,Active,Community
SP-198,Peking Union Medical College Hospital,CN,Beijing,Dr. Wei Zhang,Active,Academic
SP-199,Zhongshan Hospital Fudan University,CN,Shanghai,Dr. Fang Li,Active,Academic
SP-200,Sun Yat-sen University Cancer Center,CN,Guangzhou,Dr. Ming Wang,Active,Academic
SP-201,West China Hospital,CN,Chengdu,Dr. Jing Chen,Active,Academic
SP-202,Tongji Hospital Wuhan,CN,Wuhan,Dr. Lei Liu,Active,Academic
SP-203,Renji Hospital Shanghai,CN,Shanghai,Dr. Yan Zhao,Active,Academic
SP-204,Cancer Hospital Chinese Academy of Medical Sciences,CN,Beijing,Dr. Hui Yang,Active,Academic
SP-205,Nanjing Drum Tower Hospital,CN,Nanjing,Dr. Xia Huang,Pending,Academic
SP-206,First Affiliated Hospital Zhejiang University,CN,Hangzhou,Dr. Bo Wu,Active,Academic
SP-207,Xiangya Hospital Central South University,CN,Changsha,Dr. Ling Zhou,Active,Academic
SP-208,First Hospital of China Medical University,CN,Shenyang,Dr. Tao Xu,Active,Academic
SP-209,Fudan University Shanghai Cancer Center,CN,Shanghai,Dr. Rui Tang,Active,Academic
SP-210,Peking University People's Hospital,CN,Beijing,Dr. Juan Ma,Active,Academic
SP-211,Hospital das Clínicas FMUSP,BR,São Paulo,Dr. Carlos Oliveira,Active,Academic
SP-212,Hospital Sírio-Libanês,BR,São Paulo,Dr. Fernanda Costa,Active,Community
SP-213,Instituto Nacional de Câncer,BR,Rio de Janeiro,Dr. Roberto Almeida,Active,Academic
SP-214,Hospital de Clínicas de Porto Alegre,BR,Porto Alegre,Dr. Ana Souza,Active,Academic
SP-215,Hospital Universitário Cassiano Antonio Moraes,BR,Vitória,Dr. Paulo Ferreira,Pending,Academic
SP-216,Hospital de Amor Barretos,BR,Barretos,Dr. Lucia Santos,Active,Academic
SP-217,Hospital Erasto Gaertner,BR,Curitiba,Dr. Marcelo Pereira,Active,Academic
SP-218,Santa Casa de Misericórdia de Porto Alegre,BR,Porto Alegre,Dr. Julia Lima,Active,Community
SP-219,Hospital Universitário Walter Cantídio,BR,Fortaleza,Dr. Antonio Carvalho,Active,Academic
SP-220,HU-UFPI,BR,Teresina,Dr. Claudia Rocha,Active,Community
SP-221,All India Institute of Medical Sciences Delhi,IN,New Delhi,Dr. Rajesh Sharma,Active,Academic
SP-222,Tata Memorial Hospital,IN,Mumbai,Dr. Priya Verma,Active,Academic
SP-223,Christian Medical College Vellore,IN,Vellore,Dr. Samuel George,Active,Academic
SP-224,Amrita Institute of Medical Sciences,IN,Kochi,Dr. Deepa Nair,Active,Academic
SP-225,AIIMS Bhubaneswar,IN,Bhubaneswar,Dr. Suresh Patel,Pending,Academic
SP-226,Postgraduate Institute of Medical Education Chandigarh,IN,Chandigarh,Dr. Anita Singh,Active,Academic
SP-227,Sri Ramachandra Institute of Higher Education,IN,Chennai,Dr. Vijay Kumar,Active,Academic
SP-228,Manipal Hospitals,IN,Bangalore,Dr. Meera Rao,Active,Community
SP-229,Kidwai Memorial Institute of Oncology,IN,Bangalore,Dr. Ashok Pillai,Active,Academic
SP-230,Regional Cancer Centre Thiruvananthapuram,IN,Thiruvananthapuram,Dr. Lakshmi Menon,Active,Academic
SP-231,Jawaharlal Nehru Medical College Aligarh,IN,Aligarh,Dr. Mohammad Khan,Active,Academic
SP-232,AIIMS Jodhpur,IN,Jodhpur,Dr. Rekha Gupta,Pending,Academic
SP-233,Fakultní nemocnice v Motole,CZ,Prague,Dr. Petr Novák,Active,Academic
SP-234,Fakultní nemocnice Brno,CZ,Brno,Dr. Jana Dvořáková,Active,Academic
SP-235,Fakultní nemocnice Ostrava,CZ,Ostrava,Dr. Miroslav Svoboda,Pending,Academic
SP-236,Semmelweis Egyetem Klinikai Központ,HU,Budapest,Dr. László Kovács,Active,Academic
SP-237,Debreceni Egyetem Klinikai Központ,HU,Debrecen,Dr. Erzsébet Szabó,Active,Academic
SP-238,Pécsi Tudományegyetem Klinikai Központ,HU,Pécs,Dr. Gábor Tóth,Active,Academic
SP-239,Institutul Clinic Fundeni,RO,Bucharest,Dr. Mihai Ionescu,Active,Academic
SP-240,Institutul Oncologic Cluj-Napoca,RO,Cluj-Napoca,Dr. Elena Popescu,Active,Academic
SP-241,Spitalul Clinic Judetean de Urgenta Timisoara,RO,Timisoara,Dr. Andrei Constantin,Pending,Academic
SP-242,Institutul Oncologic Iași,RO,Iași,Dr. Maria Dumitrescu,Active,Academic
SP-243,Hacettepe Üniversitesi Tıp Fakültesi Hastanesi,TR,Ankara,Dr. Mehmet Yılmaz,Active,Academic
SP-244,İstanbul Üniversitesi Cerrahpaşa Tıp Fakültesi,TR,Istanbul,Dr. Ayşe Kaya,Active,Academic
SP-245,Ege Üniversitesi Tıp Fakültesi Hastanesi,TR,Izmir,Dr. Ali Çelik,Active,Academic
SP-246,Akdeniz Üniversitesi Hastanesi,TR,Antalya,Dr. Fatma Arslan,Pending,Academic
SP-247,Laiko General Hospital,GR,Athens,Dr. Nikos Papadopoulos,Active,Academic
SP-248,Hippokration General Hospital,GR,Thessaloniki,Dr. Maria Georgiou,Active,Academic
SP-249,University General Hospital of Patras,GR,Patras,Dr. Dimitris Alexopoulos,Active,Academic
SP-250,Aretaieio University Hospital,GR,Athens,Dr. Sophia Stavros,Pending,Academic
SP-251,Centro Hospitalar e Universitário de Coimbra,PT,Coimbra,Dr. João Ferreira,Active,Academic
SP-252,Centro Hospitalar Universitário Lisboa Norte,PT,Lisbon,Dr. Ana Lopes,Active,Academic
SP-253,Instituto Português de Oncologia Porto,PT,Porto,Dr. Rui Baptista,Active,Academic
SP-254,St. James's Hospital,IE,Dublin,Dr. Niamh O'Brien,Active,Academic
SP-255,University Hospital Galway,IE,Galway,Dr. Seamus Burke,Active,Academic
SP-256,Mater Misericordiae University Hospital,IE,Dublin,Dr. Aisling Murphy,Pending,Academic
SP-257,Institut Jules Bordet,BE,Brussels,Dr. Thierry Delcourt,Active,Academic
SP-258,CHU de Liège,BE,Liège,Dr. Sophie Pirard,Active,Academic
SP-259,Universitair Ziekenhuis Gent,BE,Ghent,Dr. Peter De Smedt,Active,Academic
SP-260,Cliniques Universitaires Saint-Luc,BE,Brussels,Dr. Catherine Renard,Active,Academic
SP-261,Hospital General de México,MX,Mexico City,Dr. Jorge Ramírez,Active,Academic
SP-262,Instituto Nacional de Cancerología México,MX,Mexico City,Dr. Rosa Mendoza,Active,Academic
SP-263,Hospital Universitario UANL,MX,Monterrey,Dr. Víctor Torres,Active,Academic
SP-264,Hospital Civil de Guadalajara,MX,Guadalajara,Dr. Patricia Vega,Pending,Academic
SP-265,Centro Oncológico Estatal ISSEMYM,MX,Toluca,Dr. Arturo Morales,Active,Community
SP-266,Hospital Italiano de Buenos Aires,AR,Buenos Aires,Dr. Gabriel Pereyra,Active,Academic
SP-267,Centro de Oncología Alexander Fleming,AR,Buenos Aires,Dr. Valentina Russo,Active,Academic
SP-268,Hospital Nacional de Clínicas Córdoba,AR,Córdoba,Dr. Hernán Acosta,Active,Academic
SP-269,Hospital Privado Universitario de Córdoba,AR,Córdoba,Dr. Mariela Suárez,Pending,Community
SP-270,Fundación para la Lucha contra las Enfermedades Neurológicas,AR,Buenos Aires,Dr. Ricardo Blanco,Active,Academic
SP-271,N.N. Blokhin National Medical Research Center of Oncology,RU,Moscow,Dr. Sergei Volkov,Active,Academic
SP-272,Sechenov First Moscow State Medical University,RU,Moscow,Dr. Natalia Ivanova,Active,Academic
SP-273,St. Petersburg State Medical University,RU,St. Petersburg,Dr. Dmitri Sokolov,Active,Academic
SP-274,National Research Center for Hematology,RU,Moscow,Dr. Elena Kuznetsova,Active,Academic
SP-275,Kazan State Medical University,RU,Kazan,Dr. Marat Khusnutdinov,Pending,Academic
SP-276,Novosibirsk State Medical University,RU,Novosibirsk,Dr. Irina Popova,Active,Academic
SP-277,Ural State Medical University,RU,Yekaterinburg,Dr. Pavel Morozov,Active,Academic
SP-278,Southern Federal University Clinical Hospital,RU,Rostov-on-Don,Dr. Galina Fedorova,Active,Community
SP-279,Groote Schuur Hospital,ZA,Cape Town,Dr. Thabo Dlamini,Active,Academic
SP-280,Chris Hani Baragwanath Academic Hospital,ZA,Johannesburg,Dr. Nomsa Khumalo,Active,Academic
SP-281,Steve Biko Academic Hospital,ZA,Pretoria,Dr. Sipho Nkosi,Active,Academic
SP-282,Tygerberg Hospital,ZA,Cape Town,Dr. Liezel van der Merwe,Pending,Academic
SP-283,Cairo University Hospitals Kasr Al-Aini,EG,Cairo,Dr. Ahmed Hassan,Active,Academic
SP-284,Ain Shams University Hospitals,EG,Cairo,Dr. Mona Ibrahim,Active,Academic
SP-285,Alexandria University Hospitals,EG,Alexandria,Dr. Khaled Abdelrahman,Active,Academic
SP-286,King Faisal Specialist Hospital & Research Centre,SA,Riyadh,Dr. Faisal Al-Otaibi,Active,Academic
SP-287,King Abdullah Medical City,SA,Mecca,Dr. Noura Al-Harbi,Active,Community
SP-288,King Khalid University Hospital,SA,Riyadh,Dr. Abdullah Al-Zahrani,Active,Academic
SP-289,Prince Sultan Military Medical City,SA,Riyadh,Dr. Layla Al-Rasheed,Pending,Community
SP-290,King Saud University Medical City,SA,Riyadh,Dr. Omar Al-Ghamdi,Active,Academic
SP-291,National University Hospital,SG,Singapore,Dr. Wei Lin Tan,Active,Academic
SP-292,Singapore General Hospital,SG,Singapore,Dr. Mei Ling Ong,Active,Academic
SP-293,National Cancer Centre Singapore,SG,Singapore,Dr. Boon Cher Goh,Active,Academic
SP-294,National Taiwan University Hospital,TW,Taipei,Dr. Chin-Fu Hsiao,Active,Academic
SP-295,Taipei Veterans General Hospital,TW,Taipei,Dr. Ming-Shiang Wu,Active,Academic
SP-296,Chang Gung Memorial Hospital,TW,Taoyuan,Dr. Ann-Lii Cheng,Active,Academic
SP-297,China Medical University Hospital,TW,Taichung,Dr. Yi-Chen Yeh,Pending,Academic
SP-298,Auckland City Hospital,NZ,Auckland,Dr. Ian Walker,Active,Academic
SP-299,Wellington Regional Hospital,NZ,Wellington,Dr. Fiona Roberts,Active,Academic
SP-300,Christchurch Hospital,NZ,Christchurch,Dr. Paul Stewart,Active,Academic
